{
    "bleu": 0.005312581916757576,
    "rouge1": 0.0,
    "rouge2": 0.0,
    "rougeL": 0.0,
    "bert_precision": 0.8632795065641403,
    "bert_recall": 0.8479508137702942,
    "bert_f1": 0.8550406086444855
}