{
    "bleu": 0.002553890862470245,
    "rouge1": 0.006857142857142857,
    "rouge2": 0.0,
    "rougeL": 0.006857142857142857,
    "bert_precision": 0.8262060135602951,
    "bert_recall": 0.8307368850708008,
    "bert_f1": 0.8277730858325958
}