{
    "bleu": 0.00511466283776954,
    "rouge1": 0.0007407407407407408,
    "rouge2": 0.0,
    "rougeL": 0.0007407407407407408,
    "bert_precision": 0.8614594441652298,
    "bert_recall": 0.852978355884552,
    "bert_f1": 0.8567896413803101
}