{
    "bleu": 0.001811587560888469,
    "rouge1": 0.013663832899127017,
    "rouge2": 0.002,
    "rougeL": 0.013663832899127017,
    "bert_precision": 0.7897537624835969,
    "bert_recall": 0.8611961561441421,
    "bert_f1": 0.8236910492181778
}