{
    "bleu": 0.004134675214625196,
    "rouge1": 0.0,
    "rouge2": 0.0,
    "rougeL": 0.0,
    "bert_precision": 0.8620248264074326,
    "bert_recall": 0.8481616014242173,
    "bert_f1": 0.854448355436325
}