{
    "bleu": 0.0018167053632995181,
    "rouge1": 0.007346091352229645,
    "rouge2": 0.002105263157894737,
    "rougeL": 0.007346091352229645,
    "bert_precision": 0.8069923192262649,
    "bert_recall": 0.8515075397491455,
    "bert_f1": 0.828322793841362
}