{
    "bleu": 0.0029058122831866306,
    "rouge1": 0.013372549019607842,
    "rouge2": 0.005523809523809525,
    "rougeL": 0.013372549019607842,
    "bert_precision": 0.8255772018432617,
    "bert_recall": 0.8601070529222489,
    "bert_f1": 0.8421699035167695
}