{
    "bleu": 0.004542052540806795,
    "rouge1": 0.0,
    "rouge2": 0.0,
    "rougeL": 0.0,
    "bert_precision": 0.8366336578130722,
    "bert_recall": 0.8513688081502915,
    "bert_f1": 0.843563066124916
}