{
    "bleu": 0.004233708593258111,
    "rouge1": 0.009714285714285715,
    "rouge2": 0.004,
    "rougeL": 0.009714285714285715,
    "bert_precision": 0.8312033641338349,
    "bert_recall": 0.855087302327156,
    "bert_f1": 0.8426402950286865
}