{
    "bleu": 0.0036973368872563394,
    "rouge1": 0.009000000000000001,
    "rouge2": 0.0,
    "rougeL": 0.009000000000000001,
    "bert_precision": 0.8515053308010101,
    "bert_recall": 0.8464745533466339,
    "bert_f1": 0.8486305034160614
}