{
    "bleu": 0.0,
    "rouge1": 0.0,
    "rouge2": 0.0,
    "rougeL": 0.0,
    "bert_precision": 0.8411240988969803,
    "bert_recall": 0.8128072661161423,
    "bert_f1": 0.8265584605932236
}