{
    "bleu": 0.004519974590981081,
    "rouge1": 0.00905982905982906,
    "rouge2": 0.006493506493506493,
    "rougeL": 0.00905982905982906,
    "bert_precision": 0.8542724543809891,
    "bert_recall": 0.8532096123695374,
    "bert_f1": 0.8533811110258103
}