{
    "bleu": 0.0018654449391692193,
    "rouge1": 0.009642792295423874,
    "rouge2": 0.0004166666666666667,
    "rougeL": 0.008842792295423873,
    "bert_precision": 0.7884132599830628,
    "bert_recall": 0.8561425006389618,
    "bert_f1": 0.8206124317646026
}