{
    "bleu": 0.0017852541019962736,
    "rouge1": 0.010317948391477802,
    "rouge2": 0.000625,
    "rougeL": 0.010317948391477802,
    "bert_precision": 0.7883758229017258,
    "bert_recall": 0.8607986533641815,
    "bert_f1": 0.8227421510219574
}