{
    "bleu": 0.0034097280696401694,
    "rouge1": 0.0,
    "rouge2": 0.0,
    "rougeL": 0.0,
    "bert_precision": 0.8480473804473877,
    "bert_recall": 0.841384373307228,
    "bert_f1": 0.8443444782495498
}