{
    "bleu": 0.003674564104422966,
    "rouge1": 0.10928926051737653,
    "rouge2": 0.011904761904761904,
    "rougeL": 0.0689835380193363,
    "bert_precision": 0.8434511721134186,
    "bert_recall": 0.8623731285333633,
    "bert_f1": 0.8527468591928482
}