{
    "bleu": 0.0015255353949123395,
    "rouge1": 0.0,
    "rouge2": 0.0,
    "rougeL": 0.0,
    "bert_precision": 0.8254369375882326,
    "bert_recall": 0.8579893244637383,
    "bert_f1": 0.8405053284433153
}