{
    "bleu": 0.02924164494043617,
    "rouge1": 0.030303030303030304,
    "rouge2": 0.0,
    "rougeL": 0.030303030303030304,
    "bert_precision": 0.8845639969363357,
    "bert_recall": 0.8809041398944277,
    "bert_f1": 0.8824245670829156
}