{
    "bleu": 0.0027551942719373996,
    "rouge1": 0.009262187088274044,
    "rouge2": 0.0,
    "rougeL": 0.009262187088274044,
    "bert_precision": 0.8129103587131308,
    "bert_recall": 0.8593574346918048,
    "bert_f1": 0.8350602322154574
}