{
    "bleu": 0.054060280261642814,
    "rouge1": 0.009259259259259259,
    "rouge2": 0.0,
    "rougeL": 0.009259259259259259,
    "bert_precision": 0.8854210876455211,
    "bert_recall": 0.8918602960278289,
    "bert_f1": 0.888116919633114
}