{
    "bleu": 0.0031890939469857967,
    "rouge1": 0.0,
    "rouge2": 0.0,
    "rougeL": 0.0,
    "bert_precision": 0.7990028093559574,
    "bert_recall": 0.8510489981583874,
    "bert_f1": 0.8235092518305538
}