{
    "bleu": 0.00183951939932999,
    "rouge1": 0.0,
    "rouge2": 0.0,
    "rougeL": 0.0,
    "bert_precision": 0.8538294338216685,
    "bert_recall": 0.8492131835282452,
    "bert_f1": 0.8510391441258517
}