{
    "bleu": 0.02713890133573621,
    "rouge1": 0.037037037037037035,
    "rouge2": 0.010101010101010102,
    "rougeL": 0.037037037037037035,
    "bert_precision": 0.8674438023808027,
    "bert_recall": 0.8836783977470013,
    "bert_f1": 0.874875525031427
}