{
    "bleu": 0.0034518561464194153,
    "rouge1": 0.010774410774410775,
    "rouge2": 0.0,
    "rougeL": 0.010774410774410775,
    "bert_precision": 0.8053139803385494,
    "bert_recall": 0.8718647198243574,
    "bert_f1": 0.8368465057527176
}