{
    "bleu": 0.0030121947889199963,
    "rouge1": 0.014115384615384616,
    "rouge2": 0.005636363636363637,
    "rougeL": 0.013282051282051281,
    "bert_precision": 0.8171888101100921,
    "bert_recall": 0.8603592699766159,
    "bert_f1": 0.8379704487323761
}