{
    "bleu": 0.0037345191397402887,
    "rouge1": 0.006,
    "rouge2": 0.0025,
    "rougeL": 0.006,
    "bert_precision": 0.8573341637849807,
    "bert_recall": 0.8418754649162292,
    "bert_f1": 0.8491035628318787
}