{
    "bleu": 0.0037447100262335054,
    "rouge1": 0.0075,
    "rouge2": 0.003333333333333333,
    "rougeL": 0.0075,
    "bert_precision": 0.8617971533536911,
    "bert_recall": 0.844443467259407,
    "bert_f1": 0.8526389849185944
}