{
    "bleu": 0.003302692773650539,
    "rouge1": 0.013136363636363637,
    "rouge2": 0.0044444444444444444,
    "rougeL": 0.012136363636363636
}