{
    "bleu": 0.004135009452764512,
    "rouge1": 0.005833333333333333,
    "rouge2": 0.002,
    "rougeL": 0.005833333333333333,
    "bert_precision": 0.857330237030983,
    "bert_recall": 0.8452474230527878,
    "bert_f1": 0.8508276909589767
}