{
    "bleu": 0.001482149026044863,
    "rouge1": 0.0004761904761904762,
    "rouge2": 0.0,
    "rougeL": 0.0004761904761904762,
    "bert_precision": 0.8231561505794525,
    "bert_recall": 0.8102126455307007,
    "bert_f1": 0.8162357795238495
}