{
    "bleu": 0.0020622136414186125,
    "rouge1": 0.016186571598336304,
    "rouge2": 0.0025,
    "rougeL": 0.013257278669043375,
    "bert_precision": 0.7958770847320557,
    "bert_recall": 0.8587921112775803,
    "bert_f1": 0.8258190548419952
}