{
    "bleu": 0.0038098653559504587,
    "rouge1": 0.0,
    "rouge2": 0.0,
    "rougeL": 0.0,
    "bert_precision": 0.8623704516887665,
    "bert_recall": 0.8492226141691208,
    "bert_f1": 0.8553147321939468
}