{
    "bleu": 0.003292595783414051,
    "rouge1": 0.02835714285714286,
    "rouge2": 0.003333333333333333,
    "rougeL": 0.02435714285714286,
    "bert_precision": 0.8312999540567398,
    "bert_recall": 0.8614203560352326,
    "bert_f1": 0.845777781009674
}