{
    "bleu": 0.002282358000898096,
    "rouge1": 0.00460989010989011,
    "rouge2": 0.0,
    "rougeL": 0.00460989010989011,
    "bert_precision": 0.7951082700490951,
    "bert_recall": 0.8583719444274902,
    "bert_f1": 0.8252135974168777
}