{
    "bleu": 0.0035378416173304037,
    "rouge1": 0.014705882352941178,
    "rouge2": 0.0026666666666666666,
    "rougeL": 0.014705882352941178,
    "bert_precision": 0.8307483696937561,
    "bert_recall": 0.8558501130342484,
    "bert_f1": 0.8427539253234864
}