{
    "bleu": 0.0029060495771866712,
    "rouge1": 0.01242857142857143,
    "rouge2": 0.005643724696356275,
    "rougeL": 0.011476190476190478,
    "bert_precision": 0.8178320449590682,
    "bert_recall": 0.8559912806749344,
    "bert_f1": 0.8361526030302048
}