{
    "bleu": 0.0038792683663570592,
    "rouge1": 0.02637254901960784,
    "rouge2": 0.005523809523809525,
    "rougeL": 0.02637254901960784,
    "bert_precision": 0.8308298343420029,
    "bert_recall": 0.8612115776538849,
    "bert_f1": 0.8454146701097488
}