{
    "bleu": 0.004350228179222521,
    "rouge1": 0.0,
    "rouge2": 0.0,
    "rougeL": 0.0,
    "bert_precision": 0.8659039473533631,
    "bert_recall": 0.8497800534963608,
    "bert_f1": 0.857288259267807
}