{
    "bleu": 0.0019855889259418067,
    "rouge1": 0.02149259259259259,
    "rouge2": 0.01073623188405797,
    "rougeL": 0.02075185185185185,
    "bert_precision": 0.7958351737260818,
    "bert_recall": 0.8532397854328155,
    "bert_f1": 0.8231863403320312
}