{
    "bleu": 0.004886225235118072,
    "rouge1": 0.007818181818181818,
    "rouge2": 0.0025,
    "rougeL": 0.007818181818181818,
    "bert_precision": 0.8582897967100144,
    "bert_recall": 0.8479362934827804,
    "bert_f1": 0.8526858919858933
}