{
    "bleu": 0.009679789359731768,
    "rouge1": 0.010101010101010102,
    "rouge2": 0.0,
    "rougeL": 0.010101010101010102,
    "bert_precision": 0.8545950169515129,
    "bert_recall": 0.8599232639929261,
    "bert_f1": 0.8567296260535114
}