{
    "bert_precision": 0.8288865161664558,
    "bert_recall": 0.8513645824759898,
    "bert_f1": 0.8393417849685206
}