{
    "bleu": 0.0037621917921500164,
    "rouge1": 0.011784511784511783,
    "rouge2": 0.0,
    "rougeL": 0.011784511784511783,
    "bert_precision": 0.8168856116256329,
    "bert_recall": 0.8646931196704055,
    "bert_f1": 0.8397995125163685
}