{
    "accuracy": 0.07407407407407407,
    "f1_score": 0.07407407407407407
}